Codon,Frequency
AAA,3.6
AAC,22.6
AAG,25
AAT,3.7
ACA,0.8
ACC,32.8
ACG,6.3
ACT,1.7
AGA,0.5
AGC,25.9
AGG,2
AGT,2.6
ATA,0.9
ATC,37.8
ATG,20.2
ATT,2.9
CAA,6.2
CAC,15.4
CAG,36.2
CAT,6.3
CCA,2.2
CCC,13
CCG,33.3
CCT,2.1
CGA,2.4
CGC,49.2
CGG,14.1
CGT,7.9
CTA,1.4
CTC,27.8
CTG,82.9
CTT,3.1
GAA,23.4
GAC,42.6
GAG,37.3
GAT,10.5
GCA,4.8
GCC,67.7
GCG,38.8
GCT,4.8
GGA,4.2
GGC,61.9
GGG,9.9
GGT,8.3
GTA,4
GTC,28.8
GTG,33.4
GTT,2.7
TAA,0.3
TAC,20
TAG,0.3
TAT,5.3
TCA,0.6
TCC,12.1
TCG,13
TCT,0.8
TGA,2.4
TGC,9
TGG,14.8
TGT,1
TTA,0.3
TTC,33.7
TTG,8.7
TTT,1.7
